--  Sample employee database 
--  See changelog table for details
--  Copyright (C) 2007,2008, MySQL AB
--  
--  Original data created by Fusheng Wang and Carlo Zaniolo
--  http://www.cs.aau.dk/TimeCenter/software.htm
--  http://www.cs.aau.dk/TimeCenter/Data/employeeTemporalDataSet.zip
-- 
--  Current schema by Giuseppe Maxia 
--  Data conversion from XML to relational by Patrick Crews
-- 
-- This work is licensed under the 
-- Creative Commons Attribution-Share Alike 3.0 Unported License. 
-- To view a copy of this license, visit 
-- http://creativecommons.org/licenses/by-sa/3.0/ or send a letter to 
-- Creative Commons, 171 Second Street, Suite 300, San Francisco, 
-- California, 94105, USA.
-- 
--  DISCLAIMER
--  To the best of our knowledge, this data is fabricated, and
--  it does not correspond to real people. 
--  Any similarity to existing people is purely coincidental.
-- 
/* 데이터베이스 생성부분은 필요없을 때  주석처리 */
DROP DATABASE IF EXISTS employees;
CREATE DATABASE IF NOT EXISTS employees;
USE employees;

/* 테이블 삭제 후 재 실행시 아래 구문을 실행 */
DROP TABLE IF EXISTS dept_emp,
                     dept_manager,
                     titles,
                     salaries, 
                     employees, 
                     departments;

/*!50503 set default_storage_engine = InnoDB */;
/*!50503 select CONCAT('storage engine: ', @@default_storage_engine) as INFO */;

CREATE TABLE employees (
    emp_no      INT             NOT NULL,
    birth_date  DATE            NOT NULL,
    first_name  VARCHAR(14)     NOT NULL,
    last_name   VARCHAR(16)     NOT NULL,
    gender      ENUM ('M','F')  NOT NULL,    
    hire_date   DATE            NOT NULL,
    PRIMARY KEY (emp_no)
);

CREATE TABLE departments (
    dept_no     CHAR(4)         NOT NULL,
    dept_name   VARCHAR(40)     NOT NULL,
    PRIMARY KEY (dept_no),
    UNIQUE  KEY (dept_name)
);

CREATE TABLE dept_manager (
   emp_no       INT             NOT NULL,
   dept_no      CHAR(4)         NOT NULL,
   from_date    DATE            NOT NULL,
   to_date      DATE            NOT NULL,
   FOREIGN KEY (emp_no)  REFERENCES employees (emp_no)    ON DELETE CASCADE,
   FOREIGN KEY (dept_no) REFERENCES departments (dept_no) ON DELETE CASCADE,
   PRIMARY KEY (emp_no,dept_no)
); 

CREATE TABLE dept_emp (
    emp_no      INT             NOT NULL,
    dept_no     CHAR(4)         NOT NULL,
    from_date   DATE            NOT NULL,
    to_date     DATE            NOT NULL,
    FOREIGN KEY (emp_no)  REFERENCES employees   (emp_no)  ON DELETE CASCADE,
    FOREIGN KEY (dept_no) REFERENCES departments (dept_no) ON DELETE CASCADE,
    PRIMARY KEY (emp_no,dept_no)
);

CREATE TABLE titles (
    emp_no      INT             NOT NULL,
    title       VARCHAR(50)     NOT NULL,
    from_date   DATE            NOT NULL,
    to_date     DATE,
    FOREIGN KEY (emp_no) REFERENCES employees (emp_no) ON DELETE CASCADE,
    PRIMARY KEY (emp_no,title, from_date)
) 
; 

CREATE TABLE salaries (
    emp_no      INT             NOT NULL,
    salary      INT             NOT NULL,
    from_date   DATE            NOT NULL,
    to_date     DATE            NOT NULL,
    FOREIGN KEY (emp_no) REFERENCES employees (emp_no) ON DELETE CASCADE,
    PRIMARY KEY (emp_no, from_date)
) 
; 

CREATE OR REPLACE VIEW dept_emp_latest_date AS
    SELECT emp_no, MAX(from_date) AS from_date, MAX(to_date) AS to_date
    FROM dept_emp
    GROUP BY emp_no;

# shows only the current department for each employee
CREATE OR REPLACE VIEW current_dept_emp AS
    SELECT l.emp_no, dept_no, l.from_date, l.to_date
    FROM dept_emp d
        INNER JOIN dept_emp_latest_date l
        ON d.emp_no=l.emp_no AND d.from_date=l.from_date AND l.to_date = d.to_date;

flush /*!50503 binary */ logs;

INSERT INTO `departments` VALUES 
('d001','Marketing'),
('d002','Finance'),
('d003','Human Resources'),
('d004','Production'),
('d005','Development'),
('d006','Quality Management'),
('d007','Sales'),
('d008','Research'),
('d009','Customer Service');

INSERT INTO `employees` VALUES (10001,'1953-09-02','Georgi','Facello','M','1986-06-26'),
(10002,'1964-06-02','Bezalel','Simmel','F','1985-11-21'),
(10003,'1959-12-03','Parto','Bamford','M','1986-08-28'),
(10004,'1954-05-01','Chirstian','Koblick','M','1986-12-01'),
(10005,'1955-01-21','Kyoichi','Maliniak','M','1989-09-12'),
(10006,'1953-04-20','Anneke','Preusig','F','1989-06-02'),
(10007,'1957-05-23','Tzvetan','Zielinski','F','1989-02-10'),
(10008,'1958-02-19','Saniya','Kalloufi','M','1994-09-15'),
(10009,'1952-04-19','Sumant','Peac','F','1985-02-18'),
(10010,'1963-06-01','Duangkaew','Piveteau','F','1989-08-24'),
(10011,'1953-11-07','Mary','Sluis','F','1990-01-22'),
(10012,'1960-10-04','Patricio','Bridgland','M','1992-12-18'),
(10013,'1963-06-07','Eberhardt','Terkki','M','1985-10-20'),
(10014,'1956-02-12','Berni','Genin','M','1987-03-11'),
(10015,'1959-08-19','Guoxiang','Nooteboom','M','1987-07-02'),
(10016,'1961-05-02','Kazuhito','Cappelletti','M','1995-01-27'),
(10017,'1958-07-06','Cristinel','Bouloucos','F','1993-08-03'),
(10018,'1954-06-19','Kazuhide','Peha','F','1987-04-03'),
(10019,'1953-01-23','Lillian','Haddadi','M','1999-04-30'),
(10020,'1952-12-24','Mayuko','Warwick','M','1991-01-26'),
(10021,'1960-02-20','Ramzi','Erde','M','1988-02-10'),
(10022,'1952-07-08','Shahaf','Famili','M','1995-08-22'),
(10023,'1953-09-29','Bojan','Montemayor','F','1989-12-17'),
(10024,'1958-09-05','Suzette','Pettey','F','1997-05-19'),
(10025,'1958-10-31','Prasadram','Heyers','M','1987-08-17'),
(10026,'1953-04-03','Yongqiao','Berztiss','M','1995-03-20'),
(10027,'1962-07-10','Divier','Reistad','F','1989-07-07'),
(10028,'1963-11-26','Domenick','Tempesti','M','1991-10-22'),
(10029,'1956-12-13','Otmar','Herbst','M','1985-11-20'),
(10030,'1958-07-14','Elvis','Demeyer','M','1994-02-17'),
(10031,'1959-01-27','Karsten','Joslin','M','1991-09-01'),
(10032,'1960-08-09','Jeong','Reistad','F','1990-06-20'),
(10033,'1956-11-14','Arif','Merlo','M','1987-03-18'),
(10034,'1962-12-29','Bader','Swan','M','1988-09-21'),
(10035,'1953-02-08','Alain','Chappelet','M','1988-09-05'),
(10036,'1959-08-10','Adamantios','Portugali','M','1992-01-03'),
(10037,'1963-07-22','Pradeep','Makrucki','M','1990-12-05'),
(10038,'1960-07-20','Huan','Lortz','M','1989-09-20'),
(10039,'1959-10-01','Alejandro','Brender','M','1988-01-19'),
(10040,'1959-09-13','Weiyi','Meriste','F','1993-02-14'),
(10041,'1959-08-27','Uri','Lenart','F','1989-11-12'),
(10042,'1956-02-26','Magy','Stamatiou','F','1993-03-21'),
(10043,'1960-09-19','Yishay','Tzvieli','M','1990-10-20'),
(10044,'1961-09-21','Mingsen','Casley','F','1994-05-21'),
(10045,'1957-08-14','Moss','Shanbhogue','M','1989-09-02'),
(10046,'1960-07-23','Lucien','Rosenbaum','M','1992-06-20'),
(10047,'1952-06-29','Zvonko','Nyanchama','M','1989-03-31'),
(10048,'1963-07-11','Florian','Syrotiuk','M','1985-02-24'),
(10049,'1961-04-24','Basil','Tramer','F','1992-05-04'),
(10050,'1958-05-21','Yinghua','Dredge','M','1990-12-25'),
(10051,'1953-07-28','Hidefumi','Caine','M','1992-10-15'),
(10052,'1961-02-26','Heping','Nitsch','M','1988-05-21'),
(10053,'1954-09-13','Sanjiv','Zschoche','F','1986-02-04'),
(10054,'1957-04-04','Mayumi','Schueller','M','1995-03-13'),
(10055,'1956-06-06','Georgy','Dredge','M','1992-04-27'),
(10056,'1961-09-01','Brendon','Bernini','F','1990-02-01'),
(10057,'1954-05-30','Ebbe','Callaway','F','1992-01-15'),
(10058,'1954-10-01','Berhard','McFarlin','M','1987-04-13'),
(10059,'1953-09-19','Alejandro','McAlpine','F','1991-06-26'),
(10060,'1961-10-15','Breannda','Billingsley','M','1987-11-02');

INSERT INTO `dept_emp` VALUES (10001,'d005','1986-06-26','9999-01-01'),
(10002,'d007','1996-08-03','9999-01-01'),
(10003,'d004','1995-12-03','9999-01-01'),
(10004,'d004','1986-12-01','9999-01-01'),
(10005,'d003','1989-09-12','9999-01-01'),
(10006,'d005','1990-08-05','9999-01-01'),
(10007,'d008','1989-02-10','9999-01-01'),
(10008,'d005','1998-03-11','2000-07-31'),
(10009,'d006','1985-02-18','9999-01-01'),
(10010,'d004','1996-11-24','2000-06-26'),
(10010,'d006','2000-06-26','9999-01-01'),
(10011,'d009','1990-01-22','1996-11-09'),
(10012,'d005','1992-12-18','9999-01-01'),
(10013,'d003','1985-10-20','9999-01-01'),
(10014,'d005','1993-12-29','9999-01-01'),
(10015,'d008','1992-09-19','1993-08-22'),
(10016,'d007','1998-02-11','9999-01-01'),
(10017,'d001','1993-08-03','9999-01-01'),
(10018,'d004','1992-07-29','9999-01-01'),
(10018,'d005','1987-04-03','1992-07-29'),
(10019,'d008','1999-04-30','9999-01-01'),
(10020,'d004','1997-12-30','9999-01-01'),
(10021,'d005','1988-02-10','2002-07-15'),
(10022,'d005','1999-09-03','9999-01-01'),
(10023,'d005','1999-09-27','9999-01-01'),
(10024,'d004','1998-06-14','9999-01-01'),
(10025,'d005','1987-08-17','1997-10-15'),
(10026,'d004','1995-03-20','9999-01-01'),
(10027,'d005','1995-04-02','9999-01-01'),
(10028,'d005','1991-10-22','1998-04-06'),
(10029,'d004','1991-09-18','1999-07-08'),
(10029,'d006','1999-07-08','9999-01-01'),
(10030,'d004','1994-02-17','9999-01-01'),
(10031,'d005','1991-09-01','9999-01-01'),
(10032,'d004','1990-06-20','9999-01-01'),
(10033,'d006','1987-03-18','1993-03-24'),
(10034,'d007','1995-04-12','1999-10-31'),
(10035,'d004','1988-09-05','9999-01-01'),
(10036,'d003','1992-04-28','9999-01-01'),
(10037,'d005','1990-12-05','9999-01-01'),
(10038,'d009','1989-09-20','9999-01-01'),
(10039,'d003','1988-01-19','9999-01-01'),
(10040,'d005','1993-02-14','2002-01-22'),
(10040,'d008','2002-01-22','9999-01-01'),
(10041,'d007','1989-11-12','9999-01-01'),
(10042,'d002','1993-03-21','2000-08-10'),
(10043,'d005','1990-10-20','9999-01-01'),
(10044,'d004','1994-05-21','9999-01-01'),
(10045,'d004','1996-11-16','9999-01-01'),
(10046,'d008','1992-06-20','9999-01-01'),
(10047,'d004','1989-03-31','9999-01-01'),
(10048,'d005','1985-02-24','1987-01-27'),
(10049,'d009','1992-05-04','9999-01-01'),
(10050,'d002','1990-12-25','1992-11-05'),
(10050,'d007','1992-11-05','9999-01-01'),
(10051,'d004','1992-10-15','9999-01-01'),
(10052,'d008','1997-01-31','9999-01-01'),
(10053,'d007','1994-11-13','9999-01-01'),
(10054,'d003','1995-07-29','9999-01-01'),
(10055,'d001','1992-04-27','1995-07-22');

INSERT INTO `dept_manager` VALUES 
(10001,'d001','1985-01-01','1991-10-01'),
(10002,'d001','1991-10-01','9999-01-01'),
(10003,'d002','1985-01-01','1989-12-17'),
(10004,'d002','1989-12-17','9999-01-01'),
(10005,'d003','1985-01-01','1992-03-21'),
(10006,'d003','1992-03-21','9999-01-01'),
(10007,'d004','1985-01-01','1988-09-09'),
(10008,'d004','1988-09-09','1992-08-02'),
(10009,'d004','1992-08-02','1996-08-30'),
(10010,'d004','1996-08-30','9999-01-01'),
(10011,'d005','1985-01-01','1992-04-25'),
(10012,'d005','1992-04-25','9999-01-01'),
(10013,'d006','1985-01-01','1989-05-06'),
(10014,'d006','1989-05-06','1991-09-12'),
(10015,'d006','1991-09-12','1994-06-28'),
(10016,'d006','1994-06-28','9999-01-01'),
(10017,'d007','1985-01-01','1991-03-07'),
(10018,'d007','1991-03-07','9999-01-01'),
(10019,'d008','1985-01-01','1991-04-08'),
(10020,'d008','1991-04-08','9999-01-01'),
(10021,'d009','1985-01-01','1988-10-17'),
(10022,'d009','1988-10-17','1992-09-08'),
(10023,'d009','1992-09-08','1996-01-03'),
(10024,'d009','1996-01-03','9999-01-01');

INSERT INTO `titles` VALUES (10001,'Senior Engineer','1986-06-26','9999-01-01'),
(10002,'Staff','1996-08-03','9999-01-01'),
(10003,'Senior Engineer','1995-12-03','9999-01-01'),
(10004,'Engineer','1986-12-01','1995-12-01'),
(10004,'Senior Engineer','1995-12-01','9999-01-01'),
(10005,'Senior Staff','1996-09-12','9999-01-01'),
(10005,'Staff','1989-09-12','1996-09-12'),
(10006,'Senior Engineer','1990-08-05','9999-01-01'),
(10007,'Senior Staff','1996-02-11','9999-01-01'),
(10007,'Staff','1989-02-10','1996-02-11'),
(10008,'Assistant Engineer','1998-03-11','2000-07-31'),
(10009,'Assistant Engineer','1985-02-18','1990-02-18'),
(10009,'Engineer','1990-02-18','1995-02-18'),
(10009,'Senior Engineer','1995-02-18','9999-01-01'),
(10010,'Engineer','1996-11-24','9999-01-01'),
(10011,'Staff','1990-01-22','1996-11-09'),
(10012,'Engineer','1992-12-18','2000-12-18'),
(10012,'Senior Engineer','2000-12-18','9999-01-01'),
(10013,'Senior Staff','1985-10-20','9999-01-01'),
(10014,'Engineer','1993-12-29','9999-01-01'),
(10015,'Senior Staff','1992-09-19','1993-08-22'),
(10016,'Staff','1998-02-11','9999-01-01'),
(10017,'Senior Staff','2000-08-03','9999-01-01'),
(10017,'Staff','1993-08-03','2000-08-03'),
(10018,'Engineer','1987-04-03','1995-04-03'),
(10018,'Senior Engineer','1995-04-03','9999-01-01'),
(10019,'Staff','1999-04-30','9999-01-01'),
(10020,'Engineer','1997-12-30','9999-01-01'),
(10021,'Technique Leader','1988-02-10','2002-07-15'),
(10022,'Engineer','1999-09-03','9999-01-01'),
(10023,'Engineer','1999-09-27','9999-01-01'),
(10024,'Assistant Engineer','1998-06-14','9999-01-01'),
(10025,'Technique Leader','1987-08-17','1997-10-15'),
(10026,'Engineer','1995-03-20','2001-03-19'),
(10026,'Senior Engineer','2001-03-19','9999-01-01'),
(10027,'Engineer','1995-04-02','2001-04-01'),
(10027,'Senior Engineer','2001-04-01','9999-01-01'),
(10028,'Engineer','1991-10-22','1998-04-06'),
(10029,'Engineer','1991-09-18','2000-09-17'),
(10029,'Senior Engineer','2000-09-17','9999-01-01'),
(10030,'Engineer','1994-02-17','2001-02-17'),
(10030,'Senior Engineer','2001-02-17','9999-01-01'),
(10031,'Engineer','1991-09-01','1998-09-01'),
(10031,'Senior Engineer','1998-09-01','9999-01-01'),
(10032,'Engineer','1990-06-20','1995-06-20'),
(10032,'Senior Engineer','1995-06-20','9999-01-01'),
(10033,'Technique Leader','1987-03-18','1993-03-24'),
(10034,'Staff','1995-04-12','1999-10-31'),
(10035,'Engineer','1988-09-05','1996-09-05'),
(10035,'Senior Engineer','1996-09-05','9999-01-01'),
(10036,'Senior Staff','1992-04-28','9999-01-01'),
(10037,'Engineer','1990-12-05','1995-12-05'),
(10037,'Senior Engineer','1995-12-05','9999-01-01'),
(10038,'Senior Staff','1996-09-20','9999-01-01'),
(10038,'Staff','1989-09-20','1996-09-20'),
(10039,'Senior Staff','1997-01-18','9999-01-01'),
(10039,'Staff','1988-01-19','1997-01-18'),
(10040,'Engineer','1993-02-14','1999-02-14'),
(10040,'Senior Engineer','1999-02-14','9999-01-01'),
(10041,'Senior Staff','1998-11-12','9999-01-01');

INSERT INTO `salaries` VALUES (10001,60117,'1986-06-26','1987-06-26'),
(10001,62102,'1987-06-26','1988-06-25'),
(10001,66074,'1988-06-25','1989-06-25'),
(10001,66596,'1989-06-25','1990-06-25'),
(10001,66961,'1990-06-25','1991-06-25'),
(10001,71046,'1991-06-25','1992-06-24'),
(10001,74333,'1992-06-24','1993-06-24'),
(10001,75286,'1993-06-24','1994-06-24'),
(10001,75994,'1994-06-24','1995-06-24'),
(10001,76884,'1995-06-24','1996-06-23'),
(10001,80013,'1996-06-23','1997-06-23'),
(10001,81025,'1997-06-23','1998-06-23'),
(10001,81097,'1998-06-23','1999-06-23'),
(10001,84917,'1999-06-23','2000-06-22'),
(10001,85112,'2000-06-22','2001-06-22'),
(10001,85097,'2001-06-22','2002-06-22'),
(10001,88958,'2002-06-22','9999-01-01'),
(10002,65828,'1996-08-03','1997-08-03'),
(10002,65909,'1997-08-03','1998-08-03'),
(10002,67534,'1998-08-03','1999-08-03'),
(10002,69366,'1999-08-03','2000-08-02'),
(10002,71963,'2000-08-02','2001-08-02'),
(10002,72527,'2001-08-02','9999-01-01'),
(10003,40006,'1995-12-03','1996-12-02'),
(10003,43616,'1996-12-02','1997-12-02'),
(10003,43466,'1997-12-02','1998-12-02'),
(10003,43636,'1998-12-02','1999-12-02'),
(10003,43478,'1999-12-02','2000-12-01'),
(10003,43699,'2000-12-01','2001-12-01'),
(10003,43311,'2001-12-01','9999-01-01'),
(10004,40054,'1986-12-01','1987-12-01'),
(10004,42283,'1987-12-01','1988-11-30'),
(10004,42542,'1988-11-30','1989-11-30'),
(10004,46065,'1989-11-30','1990-11-30'),
(10004,48271,'1990-11-30','1991-11-30'),
(10004,50594,'1991-11-30','1992-11-29'),
(10004,52119,'1992-11-29','1993-11-29'),
(10004,54693,'1993-11-29','1994-11-29'),
(10004,58326,'1994-11-29','1995-11-29'),
(10004,60770,'1995-11-29','1996-11-28'),
(10004,62566,'1996-11-28','1997-11-28'),
(10004,64340,'1997-11-28','1998-11-28'),
(10004,67096,'1998-11-28','1999-11-28'),
(10004,69722,'1999-11-28','2000-11-27'),
(10004,70698,'2000-11-27','2001-11-27'),
(10004,74057,'2001-11-27','9999-01-01'),
(10005,78228,'1989-09-12','1990-09-12'),
(10005,82621,'1990-09-12','1991-09-12'),
(10005,83735,'1991-09-12','1992-09-11'),
(10005,85572,'1992-09-11','1993-09-11'),
(10005,85076,'1993-09-11','1994-09-11'),
(10005,86050,'1994-09-11','1995-09-11'),
(10005,88448,'1995-09-11','1996-09-10'),
(10005,88063,'1996-09-10','1997-09-10'),
(10005,89724,'1997-09-10','1998-09-10'),
(10005,90392,'1998-09-10','1999-09-10'),
(10005,90531,'1999-09-10','2000-09-09'),
(10005,91453,'2000-09-09','2001-09-09'),
(10005,94692,'2001-09-09','9999-01-01'),
(10006,40000,'1990-08-05','1991-08-05');